{"cameraMode":{"drawMode":0,"name":"Shaded","section":"Shading Mode"},"sceneLighting":false,"audioPlay":false,"sceneViewState":{"m_AlwaysRefresh":false,"showFog":true,"showSkybox":false,"showFlares":true,"showImageEffects":true,"showParticleSystems":true,"showVisualEffectGraphs":true,"m_FxEnabled":true},"in2DMode":false,"pivot":{"x":-1.0735111236572266,"y":0.19840240478515626,"z":2.9910621643066408},"rotation":{"x":-0.03776153177022934,"y":0.04554854705929756,"z":-0.0017226131167262793,"w":-0.9982477426528931},"size":163.46681213378907,"orthographic":false}