{"cameraMode":{"drawMode":0,"name":"Shaded","section":"Shading Mode"},"sceneLighting":false,"audioPlay":false,"sceneViewState":{"m_AlwaysRefresh":false,"showFog":true,"showSkybox":false,"showFlares":true,"showImageEffects":true,"showParticleSystems":true,"showVisualEffectGraphs":true,"m_FxEnabled":true},"in2DMode":false,"pivot":{"x":0.0005927681922912598,"y":0.43546509742736819,"z":0.001354604959487915},"rotation":{"x":-0.2357606738805771,"y":-0.133035346865654,"z":0.03260016813874245,"w":-0.9621118307113648},"size":0.6308826208114624,"orthographic":false}