{"cameraMode":{"drawMode":0,"name":"Shaded","section":"Shading Mode"},"sceneLighting":false,"audioPlay":false,"sceneViewState":{"m_AlwaysRefresh":false,"showFog":true,"showSkybox":false,"showFlares":true,"showImageEffects":true,"showParticleSystems":true,"showVisualEffectGraphs":true,"m_FxEnabled":true},"in2DMode":false,"pivot":{"x":20.515108108520509,"y":25.626968383789064,"z":6.884339332580566},"rotation":{"x":-0.03776153177022934,"y":0.04554854705929756,"z":-0.0017226131167262793,"w":-0.9982477426528931},"size":99.40552520751953,"orthographic":false}