{"cameraMode":{"drawMode":0,"name":"Shaded","section":"Shading Mode"},"sceneLighting":true,"audioPlay":false,"sceneViewState":{"showFog":true,"showMaterialUpdate":true,"showSkybox":true,"showFlares":true,"showImageEffects":true,"showParticleSystems":true},"in2DMode":false,"pivot":{"x":-0.4752359390258789,"y":2.4053781032562258,"z":3.905266284942627},"rotation":{"x":-0.22465702891349793,"y":0.6612322330474854,"z":-0.21788564324378968,"w":-0.6817830204963684},"size":3.9757091999053957,"orthographic":false}