{"cameraMode":{"drawMode":0,"name":"Shaded","section":"Shading Mode"},"sceneLighting":false,"audioPlay":false,"sceneViewState":{"showFog":true,"showMaterialUpdate":true,"showSkybox":false,"showFlares":true,"showImageEffects":true,"showParticleSystems":true},"in2DMode":false,"pivot":{"x":694.8738403320313,"y":978.5477294921875,"z":-58.36180877685547},"rotation":{"x":-0.2831466495990753,"y":0.12954485416412354,"z":-0.03863121196627617,"w":-0.9495024085044861},"size":443.2756652832031,"orthographic":false}