{"cameraMode":{"drawMode":0,"name":"Shaded","section":"Shading Mode"},"sceneLighting":false,"audioPlay":false,"sceneViewState":{"showFog":true,"showMaterialUpdate":true,"showSkybox":false,"showFlares":true,"showImageEffects":true,"showParticleSystems":true},"in2DMode":false,"pivot":{"x":-107.0827865600586,"y":6.8158416748046879,"z":-80.25114440917969},"rotation":{"x":-0.37075841426849368,"y":0.0798148363828659,"z":-0.032000601291656497,"w":-0.9247425198554993},"size":232.18836975097657,"orthographic":false}